Month,Activity,Modality,Sub-office,Zone,Woreda,FDP_ID,FDP/Site Name,Partner,Assistance Planned,Monthly Priority Level,Priority Reason,Distribution Window,TPM Assigned to Woreda,TPM Field Monitor,TPM Available This Month,Reassignment Possible,Reassignment Needed,Reassignment Status,Planned Entity,Allocation Reason,Assignment Type,70/30 Exception Reason,Manual Override Entity,Override Reason,Final Entity,Latitude,Longitude,GPS
May 2025,Activity 1 Relief,Food,Jijiga,Fafan,Awbare,REL-AWBA-001,Awbare FDP 01,CAAP,Yes,Medium,Current month vulnerability/needs prioritization,10–25 May 2025,Yes,Abdi Monitor,Yes,Yes,No,,TPM,Rebalanced toward 70/30 where TPM is available,Split large woreda,,,,TPM,9.398614,42.790773,"9.398614, 42.790773"
May 2025,Activity 1 Relief,Food,Jijiga,Fafan,Awbare,REL-AWBA-002,Awbare FDP 02,CAAP,Yes,Medium,Current month vulnerability/needs prioritization,10–25 May 2025,Yes,Abdi Monitor,Yes,Yes,No,,TPM,Rebalanced toward 70/30 where TPM is available,Split large woreda,,,,TPM,9.369665,42.651121,"9.369665, 42.651121"
May 2025,Activity 1 Relief,Food,Jijiga,Fafan,Awbare,REL-AWBA-003,Awbare FDP 03,CAAP,Yes,Medium,Current month vulnerability/needs prioritization,10–25 May 2025,Yes,Abdi Monitor,Yes,Yes,No,,TPM,Rebalanced toward 70/30 where TPM is available,Split large woreda,,,,TPM,9.290334,42.810783,"9.290334, 42.810783"
May 2025,Activity 1 Relief,Food,Jijiga,Fafan,Awbare,REL-AWBA-004,Awbare FDP 04,CAAP,Yes,Medium,Current month vulnerability/needs prioritization,10–25 May 2025,Yes,Abdi Monitor,Yes,Yes,No,,TPM,Rebalanced toward 70/30 where TPM is available,Split large woreda,,,,TPM,9.401671,42.726184,"9.401671, 42.726184"
May 2025,Activity 1 Relief,Food,Jijiga,Fafan,Awbare,REL-AWBA-005,Awbare FDP 05,CAAP,Yes,Medium,Current month vulnerability/needs prioritization,10–25 May 2025,Yes,Abdi Monitor,Yes,Yes,No,,TPM,Rebalanced toward 70/30 where TPM is available,Split large woreda,,,,TPM,9.37767,42.802353,"9.37767, 42.802353"
May 2025,Activity 1 Relief,Food,Jijiga,Fafan,Awbare,REL-AWBA-006,Awbare FDP 06,CAAP,Yes,Medium,Current month vulnerability/needs prioritization,10–25 May 2025,Yes,Abdi Monitor,Yes,Yes,No,,TPM,Rebalanced toward 70/30 where TPM is available,Split large woreda,,,,TPM,9.36779,42.752862,"9.36779, 42.752862"
May 2025,Activity 1 Relief,Food,Jijiga,Fafan,Awbare,REL-AWBA-007,Awbare FDP 07,CAAP,Yes,Medium,Current month vulnerability/needs prioritization,10–25 May 2025,Yes,Abdi Monitor,Yes,Yes,No,,TPM,Rebalanced toward 70/30 where TPM is available,Split large woreda,,,,TPM,9.306439,42.73367,"9.306439, 42.73367"
May 2025,Activity 1 Relief,Food,Jijiga,Fafan,Awbare,REL-AWBA-008,Awbare FDP 08,CAAP,Yes,Medium,Current month vulnerability/needs prioritization,10–25 May 2025,Yes,Abdi Monitor,Yes,Yes,No,,TPM,Rebalanced toward 70/30 where TPM is available,Split large woreda,,,,TPM,9.279627,42.793514,"9.279627, 42.793514"
May 2025,Activity 1 Relief,Food,Jijiga,Fafan,Awbare,REL-AWBA-009,Awbare FDP 09,CAAP,Yes,Medium,Current month vulnerability/needs prioritization,10–25 May 2025,Yes,Abdi Monitor,Yes,Yes,No,,TPM,Rebalanced toward 70/30 where TPM is available,Split large woreda,,,,TPM,9.347569,42.86622,"9.347569, 42.86622"
May 2025,Activity 1 Relief,Food,Jijiga,Fafan,Awbare,REL-AWBA-010,Awbare FDP 10,CAAP,Yes,Medium,Current month vulnerability/needs prioritization,10–25 May 2025,Yes,Abdi Monitor,Yes,Yes,No,,TPM,Rebalanced toward 70/30 where TPM is available,Split large woreda,,,,TPM,9.407811,42.80235,"9.407811, 42.80235"
May 2025,Activity 1 Relief,Food,Jijiga,Fafan,Awbare,REL-AWBA-011,Awbare FDP 11,CAAP,Yes,Medium,Current month vulnerability/needs prioritization,10–25 May 2025,Yes,Abdi Monitor,Yes,Yes,No,,TPM,Rebalanced toward 70/30 where TPM is available,Split large woreda,,,,TPM,9.340724,42.604566,"9.340724, 42.604566"
May 2025,Activity 1 Relief,Food,Jijiga,Fafan,Awbare,REL-AWBA-012,Awbare FDP 12,CAAP,Yes,Medium,Current month vulnerability/needs prioritization,10–25 May 2025,Yes,Abdi Monitor,Yes,Yes,No,,TPM,Rebalanced toward 70/30 where TPM is available,Split large woreda,,,,TPM,9.411607,42.853303,"9.411607, 42.853303"
May 2025,Activity 1 Relief,Food,Jijiga,Fafan,Awbare,REL-AWBA-013,Awbare FDP 13,CAAP,Yes,Medium,Current month vulnerability/needs prioritization,10–25 May 2025,Yes,Abdi Monitor,Yes,Yes,No,,TPM,Rebalanced toward 70/30 where TPM is available,Split large woreda,,,,TPM,9.336616,42.772848,"9.336616, 42.772848"
May 2025,Activity 1 Relief,Food,Jijiga,Fafan,Awbare,REL-AWBA-014,Awbare FDP 14,CAAP,Yes,Medium,Current month vulnerability/needs prioritization,10–25 May 2025,Yes,Abdi Monitor,Yes,Yes,No,,TPM,Rebalanced toward 70/30 where TPM is available,Split large woreda,,,,TPM,9.344004,42.86559,"9.344004, 42.86559"
May 2025,Activity 1 Relief,Food,Jijiga,Fafan,Awbare,REL-AWBA-015,Awbare FDP 15,CAAP,Yes,Medium,Current month vulnerability/needs prioritization,10–25 May 2025,Yes,Abdi Monitor,Yes,Yes,No,,TPM,Rebalanced toward 70/30 where TPM is available,Split large woreda,,,,TPM,9.357083,42.666318,"9.357083, 42.666318"
May 2025,Activity 1 Relief,Food,Jijiga,Fafan,Awbare,REL-AWBA-016,Awbare FDP 16,CAAP,Yes,Medium,Current month vulnerability/needs prioritization,10–25 May 2025,Yes,Abdi Monitor,Yes,Yes,No,,TPM,Rebalanced toward 70/30 where TPM is available,Split large woreda,,,,TPM,9.301298,42.719248,"9.301298, 42.719248"
May 2025,Activity 1 Relief,Food,Jijiga,Fafan,Awbare,REL-AWBA-017,Awbare FDP 17,CAAP,Yes,Medium,Current month vulnerability/needs prioritization,10–25 May 2025,Yes,Abdi Monitor,Yes,Yes,No,,TPM,TPM monitor assigned and available,Split large woreda,,,,TPM,9.401308,42.893291,"9.401308, 42.893291"
May 2025,Activity 1 Relief,Food,Jijiga,Fafan,Awbare,REL-AWBA-018,Awbare FDP 18,CAAP,Yes,Medium,Current month vulnerability/needs prioritization,10–25 May 2025,Yes,Abdi Monitor,Yes,Yes,No,,TPM,TPM monitor assigned and available,Split large woreda,,,,TPM,9.298578,42.691286,"9.298578, 42.691286"
May 2025,Activity 1 Relief,Food,Jijiga,Fafan,Awbare,REL-AWBA-019,Awbare FDP 19,CAAP,Yes,Medium,Current month vulnerability/needs prioritization,10–25 May 2025,Yes,Abdi Monitor,Yes,Yes,No,,TPM,TPM monitor assigned and available,Split large woreda,,,,TPM,9.378989,42.694689,"9.378989, 42.694689"
May 2025,Activity 1 Relief,Food,Jijiga,Fafan,Awbare,REL-AWBA-020,Awbare FDP 20,CAAP,Yes,Medium,Current month vulnerability/needs prioritization,10–25 May 2025,Yes,Abdi Monitor,Yes,Yes,No,,TPM,TPM monitor assigned and available,Split large woreda,,,,TPM,9.368129,42.717491,"9.368129, 42.717491"
May 2025,Activity 1 Relief,Food,Jijiga,Fafan,Awbare,REL-AWBA-021,Awbare FDP 21,CAAP,Yes,Medium,Current month vulnerability/needs prioritization,10–25 May 2025,Yes,Abdi Monitor,Yes,Yes,No,,TPM,TPM monitor assigned and available,Split large woreda,,,,TPM,9.331383,42.797653,"9.331383, 42.797653"
May 2025,Activity 1 Relief,Food,Jijiga,Fafan,Awbare,REL-AWBA-022,Awbare FDP 22,CAAP,Yes,Medium,Current month vulnerability/needs prioritization,10–25 May 2025,Yes,Abdi Monitor,Yes,Yes,No,,TPM,TPM monitor assigned and available,Split large woreda,,,,TPM,9.316873,42.86496,"9.316873, 42.86496"
May 2025,Activity 1 Relief,Food,Jijiga,Fafan,Awbare,REL-AWBA-023,Awbare FDP 23,CAAP,Yes,Medium,Current month vulnerability/needs prioritization,10–25 May 2025,Yes,Abdi Monitor,Yes,Yes,No,,TPM,TPM monitor assigned and available,Split large woreda,,,,TPM,9.385587,42.812627,"9.385587, 42.812627"
May 2025,Activity 1 Relief,Food,Jijiga,Fafan,Awbare,REL-AWBA-024,Awbare FDP 24,CAAP,Yes,Medium,Current month vulnerability/needs prioritization,10–25 May 2025,Yes,Abdi Monitor,Yes,Yes,No,,TPM,TPM monitor assigned and available,Split large woreda,,,,TPM,9.374091,42.854678,"9.374091, 42.854678"
May 2025,Activity 1 Relief,Food,Jijiga,Fafan,Awbare,REL-AWBA-025,Awbare FDP 25,CAAP,Yes,High,Current month vulnerability/needs prioritization,10–25 May 2025,Yes,Abdi Monitor,Yes,Yes,No,,WFP,High-priority/management assurance site assigned to WFP,Split large woreda,,,,WFP,9.416248,42.854349,"9.416248, 42.854349"
May 2025,Activity 1 Relief,Food,Jijiga,Fafan,Awbare,REL-AWBA-026,Awbare FDP 26,CAAP,Yes,Medium,Current month vulnerability/needs prioritization,10–25 May 2025,Yes,Abdi Monitor,Yes,Yes,No,,TPM,TPM monitor assigned and available,Split large woreda,,,,TPM,9.377139,42.63126,"9.377139, 42.63126"
May 2025,Activity 1 Relief,Food,Jijiga,Fafan,Awbare,REL-AWBA-027,Awbare FDP 27,CAAP,Yes,High,Current month vulnerability/needs prioritization,10–25 May 2025,Yes,Abdi Monitor,Yes,Yes,No,,WFP,High-priority/management assurance site assigned to WFP,Split large woreda,,,,WFP,9.319465,42.780083,"9.319465, 42.780083"
May 2025,Activity 1 Relief,Food,Jijiga,Fafan,Awbare,REL-AWBA-028,Awbare FDP 28,CAAP,Yes,High,Current month vulnerability/needs prioritization,10–25 May 2025,Yes,Abdi Monitor,Yes,Yes,No,,WFP,High-priority/management assurance site assigned to WFP,Split large woreda,,,,WFP,9.39714,42.861463,"9.39714, 42.861463"
May 2025,Activity 1 Relief,Food,Jijiga,Fafan,Awbare,REL-AWBA-029,Awbare FDP 29,CAAP,Yes,Medium,Current month vulnerability/needs prioritization,10–25 May 2025,Yes,Abdi Monitor,Yes,Yes,No,,TPM,TPM monitor assigned and available,Split large woreda,,,,TPM,9.337919,42.862687,"9.337919, 42.862687"
May 2025,Activity 1 Relief,Food,Jijiga,Fafan,Awbare,REL-AWBA-030,Awbare FDP 30,CAAP,Yes,Medium,Current month vulnerability/needs prioritization,10–25 May 2025,Yes,Abdi Monitor,Yes,Yes,No,,TPM,TPM monitor assigned and available,Split large woreda,,,,TPM,9.268469,42.732911,"9.268469, 42.732911"
May 2025,Activity 1 Relief,Food,Jijiga,Fafan,Awbare,REL-AWBA-031,Awbare FDP 31,CAAP,Yes,Medium,Current month vulnerability/needs prioritization,10–25 May 2025,Yes,Abdi Monitor,Yes,Yes,No,,TPM,TPM monitor assigned and available,Split large woreda,,,,TPM,9.304422,42.786273,"9.304422, 42.786273"
May 2025,Activity 1 Relief,Food,Jijiga,Fafan,Awbare,REL-AWBA-032,Awbare FDP 32,CAAP,Yes,Medium,Current month vulnerability/needs prioritization,10–25 May 2025,Yes,Abdi Monitor,Yes,Yes,No,,TPM,TPM monitor assigned and available,Split large woreda,,,,TPM,9.379025,42.788571,"9.379025, 42.788571"
May 2025,Activity 1 Relief,Food,Jijiga,Fafan,Awbare,REL-AWBA-033,Awbare FDP 33,CAAP,Yes,Medium,Current month vulnerability/needs prioritization,10–25 May 2025,Yes,Abdi Monitor,Yes,Yes,No,,TPM,TPM monitor assigned and available,Split large woreda,,,,TPM,9.421579,42.725286,"9.421579, 42.725286"
May 2025,Activity 1 Relief,Food,Jijiga,Fafan,Awbare,REL-AWBA-034,Awbare FDP 34,CAAP,Yes,Medium,Current month vulnerability/needs prioritization,10–25 May 2025,Yes,Abdi Monitor,Yes,Yes,No,,TPM,TPM monitor assigned and available,Split large woreda,,,,TPM,9.465207,42.799769,"9.465207, 42.799769"
May 2025,Activity 1 Relief,Food,Jijiga,Fafan,Awbare,REL-AWBA-035,Awbare FDP 35,CAAP,Yes,High,Current month vulnerability/needs prioritization,10–25 May 2025,Yes,Abdi Monitor,Yes,Yes,No,,WFP,High-priority/management assurance site assigned to WFP,Split large woreda,,,,WFP,9.388005,42.698285,"9.388005, 42.698285"
May 2025,Activity 1 Relief,Food,Jijiga,Fafan,Awbare,REL-AWBA-036,Awbare FDP 36,CAAP,Yes,Medium,Current month vulnerability/needs prioritization,10–25 May 2025,Yes,Abdi Monitor,Yes,Yes,No,,TPM,TPM monitor assigned and available,Split large woreda,,,,TPM,9.355433,42.767442,"9.355433, 42.767442"
May 2025,Activity 1 Relief,Food,Jijiga,Fafan,Awbare,REL-AWBA-037,Awbare FDP 37,CAAP,Yes,Medium,Current month vulnerability/needs prioritization,10–25 May 2025,Yes,Abdi Monitor,Yes,Yes,No,,TPM,TPM monitor assigned and available,Split large woreda,,,,TPM,9.302987,42.751777,"9.302987, 42.751777"
May 2025,Activity 1 Relief,Food,Jijiga,Fafan,Awbare,REL-AWBA-038,Awbare FDP 38,CAAP,Yes,Medium,Current month vulnerability/needs prioritization,10–25 May 2025,Yes,Abdi Monitor,Yes,Yes,No,,TPM,TPM monitor assigned and available,Split large woreda,,,,TPM,9.297078,42.753465,"9.297078, 42.753465"
May 2025,Activity 1 Relief,Food,Jijiga,Fafan,Awbare,REL-AWBA-039,Awbare FDP 39,CAAP,Yes,Medium,Current month vulnerability/needs prioritization,10–25 May 2025,Yes,Abdi Monitor,Yes,Yes,No,,TPM,TPM monitor assigned and available,Split large woreda,,,,TPM,9.336829,42.805286,"9.336829, 42.805286"
May 2025,Activity 1 Relief,Food,Jijiga,Fafan,Awbare,REL-AWBA-040,Awbare FDP 40,CAAP,Yes,High,Current month vulnerability/needs prioritization,10–25 May 2025,Yes,Abdi Monitor,Yes,Yes,No,,WFP,High-priority/management assurance site assigned to WFP,Split large woreda,,,,WFP,9.385554,42.806807,"9.385554, 42.806807"
May 2025,Activity 1 Relief,Food,Jijiga,Fafan,Awbare,REL-AWBA-041,Awbare FDP 41,CAAP,Yes,Medium,Current month vulnerability/needs prioritization,10–25 May 2025,Yes,Abdi Monitor,Yes,Yes,No,,TPM,TPM monitor assigned and available,Split large woreda,,,,TPM,9.352101,42.834422,"9.352101, 42.834422"
May 2025,Activity 1 Relief,Food,Jijiga,Fafan,Awbare,REL-AWBA-042,Awbare FDP 42,CAAP,Yes,Medium,Current month vulnerability/needs prioritization,10–25 May 2025,Yes,Abdi Monitor,Yes,Yes,No,,TPM,TPM monitor assigned and available,Split large woreda,,,,TPM,9.357899,42.821266,"9.357899, 42.821266"
May 2025,Activity 1 Relief,Cash,Jijiga,Fafan,Babile,REL-BABI-001,Babile FDP 01,CAAP,Yes,High,Current month vulnerability/needs prioritization,10–25 May 2025,Yes,Amina Monitor,Yes,No,No,,WFP,High-priority/management assurance site assigned to WFP,Full woreda,,,,WFP,9.197474,42.399607,"9.197474, 42.399607"
May 2025,Activity 1 Relief,Cash,Jijiga,Fafan,Babile,REL-BABI-002,Babile FDP 02,CAAP,Yes,Medium,Current month vulnerability/needs prioritization,10–25 May 2025,Yes,Amina Monitor,Yes,No,No,,TPM,TPM monitor assigned and available,Full woreda,,,,TPM,9.197751,42.383191,"9.197751, 42.383191"
May 2025,Activity 1 Relief,Cash,Jijiga,Fafan,Babile,REL-BABI-003,Babile FDP 03,CAAP,Yes,Medium,Current month vulnerability/needs prioritization,10–25 May 2025,Yes,Amina Monitor,Yes,No,No,,TPM,TPM monitor assigned and available,Full woreda,,,,TPM,9.16836,42.215419,"9.16836, 42.215419"
May 2025,Activity 1 Relief,Cash,Jijiga,Fafan,Babile,REL-BABI-004,Babile FDP 04,CAAP,Yes,Medium,Current month vulnerability/needs prioritization,10–25 May 2025,Yes,Amina Monitor,Yes,No,No,,TPM,TPM monitor assigned and available,Full woreda,,,,TPM,9.280249,42.301655,"9.280249, 42.301655"
May 2025,Activity 1 Relief,Cash,Jijiga,Fafan,Babile,REL-BABI-005,Babile FDP 05,CAAP,Yes,Medium,Current month vulnerability/needs prioritization,10–25 May 2025,Yes,Amina Monitor,Yes,No,No,,TPM,TPM monitor assigned and available,Full woreda,,,,TPM,9.140698,42.242083,"9.140698, 42.242083"
May 2025,Activity 1 Relief,Cash,Jijiga,Fafan,Babile,REL-BABI-006,Babile FDP 06,CAAP,Yes,Medium,Current month vulnerability/needs prioritization,10–25 May 2025,Yes,Amina Monitor,Yes,No,No,,TPM,TPM monitor assigned and available,Full woreda,,,,TPM,9.130377,42.220161,"9.130377, 42.220161"
May 2025,Activity 1 Relief,Cash,Jijiga,Fafan,Babile,REL-BABI-007,Babile FDP 07,CAAP,Yes,Medium,Current month vulnerability/needs prioritization,10–25 May 2025,Yes,Amina Monitor,Yes,No,No,,TPM,TPM monitor assigned and available,Full woreda,,,,TPM,9.161911,42.350485,"9.161911, 42.350485"
May 2025,Activity 1 Relief,Cash,Jijiga,Fafan,Babile,REL-BABI-008,Babile FDP 08,CAAP,Yes,Medium,Current month vulnerability/needs prioritization,10–25 May 2025,Yes,Amina Monitor,Yes,No,No,,TPM,TPM monitor assigned and available,Full woreda,,,,TPM,9.167749,42.36719,"9.167749, 42.36719"
May 2025,Activity 1 Relief,Cash,Jijiga,Fafan,Babile,REL-BABI-009,Babile FDP 09,CAAP,Yes,Medium,Current month vulnerability/needs prioritization,10–25 May 2025,Yes,Amina Monitor,Yes,No,No,,TPM,TPM monitor assigned and available,Full woreda,,,,TPM,9.190736,42.381917,"9.190736, 42.381917"
May 2025,Activity 1 Relief,Cash,Jijiga,Fafan,Babile,REL-BABI-010,Babile FDP 10,CAAP,Yes,Medium,Current month vulnerability/needs prioritization,10–25 May 2025,Yes,Amina Monitor,Yes,No,No,,TPM,TPM monitor assigned and available,Full woreda,,,,TPM,9.232026,42.298391,"9.232026, 42.298391"
May 2025,Activity 1 Relief,Cash,Jijiga,Fafan,Babile,REL-BABI-011,Babile FDP 11,CAAP,Yes,Medium,Current month vulnerability/needs prioritization,10–25 May 2025,Yes,Amina Monitor,Yes,No,No,,TPM,TPM monitor assigned and available,Full woreda,,,,TPM,9.207422,42.233306,"9.207422, 42.233306"
May 2025,Activity 1 Relief,Cash,Jijiga,Fafan,Babile,REL-BABI-012,Babile FDP 12,CAAP,Yes,Medium,Current month vulnerability/needs prioritization,10–25 May 2025,Yes,Amina Monitor,Yes,No,No,,TPM,TPM monitor assigned and available,Full woreda,,,,TPM,9.229121,42.363384,"9.229121, 42.363384"
May 2025,Activity 1 Relief,Cash,Jijiga,Fafan,Babile,REL-BABI-013,Babile FDP 13,CAAP,Yes,Medium,Current month vulnerability/needs prioritization,10–25 May 2025,Yes,Amina Monitor,Yes,No,No,,TPM,TPM monitor assigned and available,Full woreda,,,,TPM,9.112096,42.218138,"9.112096, 42.218138"
May 2025,Activity 1 Relief,Cash,Jijiga,Fafan,Babile,REL-BABI-014,Babile FDP 14,CAAP,Yes,Medium,Current month vulnerability/needs prioritization,10–25 May 2025,Yes,Amina Monitor,Yes,No,No,,TPM,TPM monitor assigned and available,Full woreda,,,,TPM,9.280054,42.371402,"9.280054, 42.371402"
May 2025,Activity 1 Relief,Food,Dollo Ado,Dollo,Dollo Ado,REL-DOLL-001,Dollo Ado FDP 01,RRS/CP,Yes,Medium,Carry-over or contingency caseload,10–25 May 2025,No,,No,Yes,Yes,Pending JarCo confirmation,WFP,No assigned TPM; WFP assigned pending JarCo reassignment,Full woreda,,,,WFP,4.227909,42.064859,"4.227909, 42.064859"
May 2025,Activity 1 Relief,Food,Dollo Ado,Dollo,Dollo Ado,REL-DOLL-002,Dollo Ado FDP 02,RRS/CP,Yes,Medium,Carry-over or contingency caseload,10–25 May 2025,No,,No,Yes,Yes,Pending JarCo confirmation,WFP,No assigned TPM; WFP assigned pending JarCo reassignment,Full woreda,,,,WFP,4.090858,42.05288,"4.090858, 42.05288"
May 2025,Activity 1 Relief,Food,Dollo Ado,Dollo,Dollo Ado,REL-DOLL-003,Dollo Ado FDP 03,RRS/CP,Yes,Medium,Carry-over or contingency caseload,10–25 May 2025,No,,No,Yes,Yes,Pending JarCo confirmation,WFP,No assigned TPM; WFP assigned pending JarCo reassignment,Full woreda,,,,WFP,4.214312,42.06931,"4.214312, 42.06931"
May 2025,Activity 1 Relief,Food,Dollo Ado,Dollo,Dollo Ado,REL-DOLL-005,Dollo Ado FDP 05,RRS/CP,Yes,Medium,Carry-over or contingency caseload,10–25 May 2025,No,,No,Yes,Yes,Pending JarCo confirmation,WFP,No assigned TPM; WFP assigned pending JarCo reassignment,Full woreda,,,,WFP,4.081126,42.023142,"4.081126, 42.023142"
May 2025,Activity 1 Relief,Food,Dollo Ado,Dollo,Dollo Ado,REL-DOLL-006,Dollo Ado FDP 06,RRS/CP,Yes,Medium,Carry-over or contingency caseload,10–25 May 2025,No,,No,Yes,Yes,Pending JarCo confirmation,WFP,No assigned TPM; WFP assigned pending JarCo reassignment,Full woreda,,,,WFP,4.167735,42.055132,"4.167735, 42.055132"
May 2025,Activity 1 Relief,Food,Dollo Ado,Dollo,Dollo Ado,REL-DOLL-007,Dollo Ado FDP 07,RRS/CP,Yes,Medium,Carry-over or contingency caseload,10–25 May 2025,No,,No,Yes,Yes,Pending JarCo confirmation,WFP,No assigned TPM; WFP assigned pending JarCo reassignment,Full woreda,,,,WFP,4.087281,42.142268,"4.087281, 42.142268"
May 2025,Activity 1 Relief,Food,Dollo Ado,Dollo,Dollo Ado,REL-DOLL-008,Dollo Ado FDP 08,RRS/CP,Yes,Medium,Carry-over or contingency caseload,10–25 May 2025,No,,No,Yes,Yes,Pending JarCo confirmation,WFP,No assigned TPM; WFP assigned pending JarCo reassignment,Full woreda,,,,WFP,4.168343,42.104926,"4.168343, 42.104926"
May 2025,Activity 1 Relief,Food,Dollo Ado,Dollo,Dollo Ado,REL-DOLL-010,Dollo Ado FDP 10,RRS/CP,Yes,Medium,Carry-over or contingency caseload,10–25 May 2025,No,,No,Yes,Yes,Pending JarCo confirmation,WFP,No assigned TPM; WFP assigned pending JarCo reassignment,Full woreda,,,,WFP,4.153184,42.164176,"4.153184, 42.164176"
May 2025,Activity 1 Relief,Food,Dollo Ado,Dollo,Dollo Ado,REL-DOLL-012,Dollo Ado FDP 12,RRS/CP,Yes,High,Carry-over or contingency caseload,10–25 May 2025,No,,No,Yes,No,,WFP,High-priority/management assurance site assigned to WFP,Full woreda,,,,WFP,4.031852,42.04705,"4.031852, 42.04705"
May 2025,Activity 1 Relief,Food,Dollo Ado,Dollo,Dollo Ado,REL-DOLL-013,Dollo Ado FDP 13,RRS/CP,Yes,Medium,Carry-over or contingency caseload,10–25 May 2025,No,,No,Yes,Yes,Pending JarCo confirmation,WFP,No assigned TPM; WFP assigned pending JarCo reassignment,Full woreda,,,,WFP,4.199786,42.062019,"4.199786, 42.062019"
May 2025,Activity 1 Relief,Food,Dollo Ado,Dollo,Dollo Ado,REL-DOLL-014,Dollo Ado FDP 14,RRS/CP,Yes,Medium,Carry-over or contingency caseload,10–25 May 2025,No,,No,Yes,Yes,Pending JarCo confirmation,WFP,No assigned TPM; WFP assigned pending JarCo reassignment,Full woreda,,,,WFP,4.113813,42.095975,"4.113813, 42.095975"
May 2025,Activity 1 Relief,Food,Dollo Ado,Dollo,Dollo Ado,REL-DOLL-016,Dollo Ado FDP 16,RRS/CP,Yes,Medium,Carry-over or contingency caseload,10–25 May 2025,No,,No,Yes,Yes,Pending JarCo confirmation,WFP,No assigned TPM; WFP assigned pending JarCo reassignment,Full woreda,,,,WFP,4.143021,42.134964,"4.143021, 42.134964"
May 2025,Activity 1 Relief,Food,Gode,Shabelle,Kelafo,REL-KELA-001,Kelafo FDP 01,OWDA,Yes,High,Current month vulnerability/needs prioritization,10–25 May 2025,Yes,Hassan Monitor,Yes,Yes,No,,WFP,High-priority/management assurance site assigned to WFP,Full woreda,,,,WFP,5.678214,44.191094,"5.678214, 44.191094"
May 2025,Activity 1 Relief,Food,Gode,Shabelle,Kelafo,REL-KELA-002,Kelafo FDP 02,OWDA,Yes,Medium,Current month vulnerability/needs prioritization,10–25 May 2025,Yes,Hassan Monitor,Yes,Yes,No,,TPM,TPM monitor assigned and available,Full woreda,,,,TPM,5.653545,44.145752,"5.653545, 44.145752"
May 2025,Activity 1 Relief,Food,Gode,Shabelle,Kelafo,REL-KELA-003,Kelafo FDP 03,OWDA,Yes,Medium,Current month vulnerability/needs prioritization,10–25 May 2025,Yes,Hassan Monitor,Yes,Yes,No,,TPM,TPM monitor assigned and available,Full woreda,,,,TPM,5.51323,44.168779,"5.51323, 44.168779"
May 2025,Activity 1 Relief,Food,Gode,Shabelle,Kelafo,REL-KELA-004,Kelafo FDP 04,OWDA,Yes,High,Current month vulnerability/needs prioritization,10–25 May 2025,Yes,Hassan Monitor,Yes,Yes,No,,WFP,High-priority/management assurance site assigned to WFP,Full woreda,,,,WFP,5.722457,44.133762,"5.722457, 44.133762"
May 2025,Activity 1 Relief,Food,Gode,Shabelle,Kelafo,REL-KELA-005,Kelafo FDP 05,OWDA,Yes,Medium,Current month vulnerability/needs prioritization,10–25 May 2025,Yes,Hassan Monitor,Yes,Yes,No,,TPM,TPM monitor assigned and available,Full woreda,,,,TPM,5.646307,44.110665,"5.646307, 44.110665"
May 2025,Activity 1 Relief,Food,Gode,Shabelle,Kelafo,REL-KELA-006,Kelafo FDP 06,OWDA,Yes,High,Current month vulnerability/needs prioritization,10–25 May 2025,Yes,Hassan Monitor,Yes,Yes,No,,WFP,High-priority/management assurance site assigned to WFP,Full woreda,,,,WFP,5.688051,44.196221,"5.688051, 44.196221"
May 2025,Activity 1 Relief,Food,Gode,Shabelle,Kelafo,REL-KELA-007,Kelafo FDP 07,OWDA,Yes,Medium,Current month vulnerability/needs prioritization,10–25 May 2025,Yes,Hassan Monitor,Yes,Yes,No,,TPM,TPM monitor assigned and available,Full woreda,,,,TPM,5.659827,44.140091,"5.659827, 44.140091"
May 2025,Activity 1 Relief,Food,Gode,Shabelle,Kelafo,REL-KELA-008,Kelafo FDP 08,OWDA,Yes,High,Current month vulnerability/needs prioritization,10–25 May 2025,Yes,Hassan Monitor,Yes,Yes,No,,WFP,High-priority/management assurance site assigned to WFP,Full woreda,,,,WFP,5.628392,44.217647,"5.628392, 44.217647"
May 2025,Activity 1 Relief,Food,Gode,Shabelle,Kelafo,REL-KELA-009,Kelafo FDP 09,OWDA,Yes,Medium,Current month vulnerability/needs prioritization,10–25 May 2025,Yes,Hassan Monitor,Yes,Yes,No,,TPM,TPM monitor assigned and available,Full woreda,,,,TPM,5.634964,44.154129,"5.634964, 44.154129"
May 2025,Activity 1 Relief,Food,Gode,Shabelle,Kelafo,REL-KELA-010,Kelafo FDP 10,OWDA,Yes,Medium,Current month vulnerability/needs prioritization,10–25 May 2025,Yes,Hassan Monitor,Yes,Yes,No,,TPM,TPM monitor assigned and available,Full woreda,,,,TPM,5.624775,44.011656,"5.624775, 44.011656"
May 2025,Activity 1 Relief,Food,Gode,Shabelle,Kelafo,REL-KELA-011,Kelafo FDP 11,OWDA,Yes,High,Current month vulnerability/needs prioritization,10–25 May 2025,Yes,Hassan Monitor,Yes,Yes,No,,WFP,High-priority/management assurance site assigned to WFP,Full woreda,,,,WFP,5.721752,44.140331,"5.721752, 44.140331"
May 2025,Activity 1 Relief,Food,Gode,Shabelle,Kelafo,REL-KELA-012,Kelafo FDP 12,OWDA,Yes,High,Current month vulnerability/needs prioritization,10–25 May 2025,Yes,Hassan Monitor,Yes,Yes,No,,WFP,High-priority/management assurance site assigned to WFP,Full woreda,,,,WFP,5.66969,44.065016,"5.66969, 44.065016"
May 2025,Activity 1 Relief,Food,Gode,Shabelle,Kelafo,REL-KELA-013,Kelafo FDP 13,OWDA,Yes,Medium,Current month vulnerability/needs prioritization,10–25 May 2025,Yes,Hassan Monitor,Yes,Yes,No,,TPM,TPM monitor assigned and available,Full woreda,,,,TPM,5.699281,44.164786,"5.699281, 44.164786"
May 2025,Activity 1 Relief,Food,Gode,Shabelle,Kelafo,REL-KELA-014,Kelafo FDP 14,OWDA,Yes,Medium,Current month vulnerability/needs prioritization,10–25 May 2025,Yes,Hassan Monitor,Yes,Yes,No,,TPM,TPM monitor assigned and available,Full woreda,,,,TPM,5.643598,44.174001,"5.643598, 44.174001"
May 2025,Activity 1 Relief,Food,Gode,Shabelle,Kelafo,REL-KELA-015,Kelafo FDP 15,OWDA,Yes,High,Current month vulnerability/needs prioritization,10–25 May 2025,Yes,Hassan Monitor,Yes,Yes,No,,WFP,High-priority/management assurance site assigned to WFP,Full woreda,,,,WFP,5.595896,44.228127,"5.595896, 44.228127"
May 2025,Activity 1 Relief,Food,Gode,Shabelle,Kelafo,REL-KELA-016,Kelafo FDP 16,OWDA,Yes,High,Current month vulnerability/needs prioritization,10–25 May 2025,Yes,Hassan Monitor,Yes,Yes,No,,WFP,High-priority/management assurance site assigned to WFP,Full woreda,,,,WFP,5.727549,44.128463,"5.727549, 44.128463"
May 2025,Activity 1 Relief,Food,Gode,Shabelle,Kelafo,REL-KELA-017,Kelafo FDP 17,OWDA,Yes,Medium,Current month vulnerability/needs prioritization,10–25 May 2025,Yes,Hassan Monitor,Yes,Yes,No,,TPM,TPM monitor assigned and available,Full woreda,,,,TPM,5.62664,44.172771,"5.62664, 44.172771"
May 2025,Activity 1 Relief,Food,Gode,Shabelle,Kelafo,REL-KELA-018,Kelafo FDP 18,OWDA,Yes,Medium,Current month vulnerability/needs prioritization,10–25 May 2025,Yes,Hassan Monitor,Yes,Yes,No,,TPM,TPM monitor assigned and available,Full woreda,,,,TPM,5.695158,44.075023,"5.695158, 44.075023"
May 2025,Activity 1 Relief,Food,Gode,Shabelle,Kelafo,REL-KELA-019,Kelafo FDP 19,OWDA,Yes,Medium,Current month vulnerability/needs prioritization,10–25 May 2025,Yes,Hassan Monitor,Yes,Yes,No,,TPM,TPM monitor assigned and available,Full woreda,,,,TPM,5.620861,44.199756,"5.620861, 44.199756"
May 2025,Activity 1 Relief,Food,Gode,Shabelle,Kelafo,REL-KELA-020,Kelafo FDP 20,OWDA,Yes,Medium,Current month vulnerability/needs prioritization,10–25 May 2025,Yes,Hassan Monitor,Yes,Yes,No,,TPM,TPM monitor assigned and available,Full woreda,,,,TPM,5.57562,44.111153,"5.57562, 44.111153"
May 2025,Activity 2 Nutrition,TSFP,Jijiga,Erer,Duhun,NUT-DUHU-001,Duhun FDP 01,IMC,Yes,Medium,Routine programme monitoring,10–25 May 2025,No,,No,Yes,Yes,Pending JarCo confirmation,WFP,No assigned TPM; WFP assigned pending JarCo reassignment,Full woreda,,,,WFP,7.920234,42.569055,"7.920234, 42.569055"
May 2025,Activity 2 Nutrition,TSFP,Jijiga,Erer,Duhun,NUT-DUHU-002,Duhun FDP 02,IMC,Yes,High,Routine programme monitoring,10–25 May 2025,No,,No,Yes,No,,WFP,High-priority/management assurance site assigned to WFP,Full woreda,,,,WFP,7.843273,42.562054,"7.843273, 42.562054"
May 2025,Activity 2 Nutrition,TSFP,Jijiga,Erer,Duhun,NUT-DUHU-003,Duhun FDP 03,IMC,Yes,Medium,Routine programme monitoring,10–25 May 2025,No,,No,Yes,Yes,Pending JarCo confirmation,WFP,No assigned TPM; WFP assigned pending JarCo reassignment,Full woreda,,,,WFP,7.857891,42.628916,"7.857891, 42.628916"
May 2025,Activity 2 Nutrition,TSFP,Jijiga,Erer,Duhun,NUT-DUHU-004,Duhun FDP 04,IMC,Yes,Medium,Routine programme monitoring,10–25 May 2025,No,,No,Yes,Yes,Pending JarCo confirmation,WFP,No assigned TPM; WFP assigned pending JarCo reassignment,Full woreda,,,,WFP,7.908045,42.611341,"7.908045, 42.611341"
May 2025,Activity 2 Nutrition,TSFP,Jijiga,Erer,Duhun,NUT-DUHU-005,Duhun FDP 05,IMC,Yes,Medium,Routine programme monitoring,10–25 May 2025,No,,No,Yes,Yes,Pending JarCo confirmation,WFP,No assigned TPM; WFP assigned pending JarCo reassignment,Full woreda,,,,WFP,7.949055,42.539307,"7.949055, 42.539307"
May 2025,Activity 2 Nutrition,TSFP,Jijiga,Erer,Duhun,NUT-DUHU-006,Duhun FDP 06,IMC,Yes,Medium,Routine programme monitoring,10–25 May 2025,No,,No,Yes,Yes,Pending JarCo confirmation,WFP,No assigned TPM; WFP assigned pending JarCo reassignment,Full woreda,,,,WFP,7.80368,42.48685,"7.80368, 42.48685"
May 2025,Activity 2 Nutrition,TSFP,Jijiga,Erer,Duhun,NUT-DUHU-007,Duhun FDP 07,IMC,Yes,Medium,Routine programme monitoring,10–25 May 2025,No,,No,Yes,Yes,Pending JarCo confirmation,WFP,No assigned TPM; WFP assigned pending JarCo reassignment,Full woreda,,,,WFP,7.804265,42.512999,"7.804265, 42.512999"
May 2025,Activity 2 Nutrition,TSFP,Jijiga,Erer,Duhun,NUT-DUHU-008,Duhun FDP 08,IMC,Yes,Medium,Routine programme monitoring,10–25 May 2025,No,,No,Yes,Yes,Pending JarCo confirmation,WFP,No assigned TPM; WFP assigned pending JarCo reassignment,Full woreda,,,,WFP,7.886856,42.486812,"7.886856, 42.486812"
May 2025,Activity 2 Nutrition,TSFP,Jijiga,Erer,Duhun,NUT-DUHU-009,Duhun FDP 09,IMC,Yes,Medium,Routine programme monitoring,10–25 May 2025,No,,No,Yes,Yes,Pending JarCo confirmation,WFP,No assigned TPM; WFP assigned pending JarCo reassignment,Full woreda,,,,WFP,7.835265,42.497664,"7.835265, 42.497664"
May 2025,Activity 2 Nutrition,TSFP,Jijiga,Erer,Duhun,NUT-DUHU-010,Duhun FDP 10,IMC,Yes,Medium,Routine programme monitoring,10–25 May 2025,No,,No,Yes,Yes,Pending JarCo confirmation,WFP,No assigned TPM; WFP assigned pending JarCo reassignment,Full woreda,,,,WFP,7.763646,42.604229,"7.763646, 42.604229"
May 2025,Activity 2 Nutrition,TSFP,Jijiga,Erer,Fik,NUT-FIK-001,Fik FDP 01,IMC,Yes,Medium,Routine programme monitoring,10–25 May 2025,Yes,Muna Monitor,Yes,Yes,No,,TPM,TPM monitor assigned and available,Full woreda,,,,TPM,8.127419,42.219694,"8.127419, 42.219694"
May 2025,Activity 2 Nutrition,TSFP,Jijiga,Erer,Fik,NUT-FIK-002,Fik FDP 02,IMC,Yes,Medium,Routine programme monitoring,10–25 May 2025,Yes,Muna Monitor,Yes,Yes,No,,TPM,TPM monitor assigned and available,Full woreda,,,,TPM,8.102049,42.272763,"8.102049, 42.272763"
May 2025,Activity 2 Nutrition,TSFP,Jijiga,Erer,Fik,NUT-FIK-003,Fik FDP 03,IMC,Yes,Medium,Routine programme monitoring,10–25 May 2025,Yes,Muna Monitor,Yes,Yes,No,,TPM,TPM monitor assigned and available,Full woreda,,,,TPM,8.171898,42.209424,"8.171898, 42.209424"
May 2025,Activity 2 Nutrition,TSFP,Jijiga,Erer,Fik,NUT-FIK-004,Fik FDP 04,IMC,Yes,Medium,Routine programme monitoring,10–25 May 2025,Yes,Muna Monitor,Yes,Yes,No,,TPM,TPM monitor assigned and available,Full woreda,,,,TPM,8.176966,42.299562,"8.176966, 42.299562"
May 2025,Activity 2 Nutrition,TSFP,Jijiga,Erer,Fik,NUT-FIK-005,Fik FDP 05,IMC,Yes,Medium,Routine programme monitoring,10–25 May 2025,Yes,Muna Monitor,Yes,Yes,No,,TPM,TPM monitor assigned and available,Full woreda,,,,TPM,8.081079,42.319443,"8.081079, 42.319443"
May 2025,Activity 2 Nutrition,TSFP,Jijiga,Erer,Fik,NUT-FIK-006,Fik FDP 06,IMC,Yes,High,Routine programme monitoring,10–25 May 2025,Yes,Muna Monitor,Yes,Yes,No,,WFP,High-priority/management assurance site assigned to WFP,Full woreda,,,,WFP,8.100331,42.332512,"8.100331, 42.332512"
May 2025,Activity 2 Nutrition,TSFP,Jijiga,Erer,Fik,NUT-FIK-007,Fik FDP 07,IMC,Yes,Medium,Routine programme monitoring,10–25 May 2025,Yes,Muna Monitor,Yes,Yes,No,,TPM,TPM monitor assigned and available,Full woreda,,,,TPM,8.123494,42.280174,"8.123494, 42.280174"
May 2025,Activity 2 Nutrition,TSFP,Jijiga,Erer,Fik,NUT-FIK-008,Fik FDP 08,IMC,Yes,Medium,Routine programme monitoring,10–25 May 2025,Yes,Muna Monitor,Yes,Yes,No,,TPM,TPM monitor assigned and available,Full woreda,,,,TPM,8.071225,42.348989,"8.071225, 42.348989"
May 2025,Activity 2 Nutrition,TSFP,Jijiga,Erer,Fik,NUT-FIK-009,Fik FDP 09,IMC,Yes,Medium,Routine programme monitoring,10–25 May 2025,Yes,Muna Monitor,Yes,Yes,No,,TPM,TPM monitor assigned and available,Full woreda,,,,TPM,8.142939,42.294909,"8.142939, 42.294909"
May 2025,Activity 2 Nutrition,TSFP,Jijiga,Erer,Fik,NUT-FIK-010,Fik FDP 10,IMC,Yes,Medium,Routine programme monitoring,10–25 May 2025,Yes,Muna Monitor,Yes,Yes,No,,TPM,TPM monitor assigned and available,Full woreda,,,,TPM,8.101892,42.33266,"8.101892, 42.33266"
May 2025,Activity 2 Nutrition,TSFP,Jijiga,Erer,Fik,NUT-FIK-011,Fik FDP 11,IMC,Yes,Medium,Routine programme monitoring,10–25 May 2025,Yes,Muna Monitor,Yes,Yes,No,,TPM,TPM monitor assigned and available,Full woreda,,,,TPM,8.087426,42.241099,"8.087426, 42.241099"
May 2025,Activity 2 Nutrition,TSFP,Jijiga,Erer,Fik,NUT-FIK-012,Fik FDP 12,IMC,Yes,Medium,Routine programme monitoring,10–25 May 2025,Yes,Muna Monitor,Yes,Yes,No,,TPM,TPM monitor assigned and available,Full woreda,,,,TPM,8.095518,42.240745,"8.095518, 42.240745"
May 2025,Activity 2 Nutrition,TSFP,Jijiga,Fafan,Harorays,NUT-HARO-001,Harorays FDP 01,IMC,Yes,Medium,Routine programme monitoring,10–25 May 2025,Yes,Ahmed Monitor,Yes,No,No,,TPM,TPM monitor assigned and available,Full woreda,,,,TPM,9.230819,42.961924,"9.230819, 42.961924"
May 2025,Activity 2 Nutrition,TSFP,Jijiga,Fafan,Harorays,NUT-HARO-002,Harorays FDP 02,IMC,Yes,Medium,Routine programme monitoring,10–25 May 2025,Yes,Ahmed Monitor,Yes,No,No,,TPM,TPM monitor assigned and available,Full woreda,,,,TPM,9.163677,43.115415,"9.163677, 43.115415"
May 2025,Activity 2 Nutrition,TSFP,Jijiga,Fafan,Harorays,NUT-HARO-003,Harorays FDP 03,IMC,Yes,Medium,Routine programme monitoring,10–25 May 2025,Yes,Ahmed Monitor,Yes,No,No,,TPM,TPM monitor assigned and available,Full woreda,,,,TPM,9.161668,43.10106,"9.161668, 43.10106"
May 2025,Activity 2 Nutrition,TSFP,Jijiga,Fafan,Harorays,NUT-HARO-004,Harorays FDP 04,IMC,Yes,Medium,Routine programme monitoring,10–25 May 2025,Yes,Ahmed Monitor,Yes,No,No,,TPM,TPM monitor assigned and available,Full woreda,,,,TPM,9.140277,43.166694,"9.140277, 43.166694"
May 2025,Activity 2 Nutrition,TSFP,Jijiga,Fafan,Harorays,NUT-HARO-005,Harorays FDP 05,IMC,Yes,High,Routine programme monitoring,10–25 May 2025,Yes,Ahmed Monitor,Yes,No,No,,WFP,High-priority/management assurance site assigned to WFP,Full woreda,,,,WFP,9.141961,43.071755,"9.141961, 43.071755"
May 2025,Activity 2 Nutrition,TSFP,Jijiga,Fafan,Harorays,NUT-HARO-006,Harorays FDP 06,IMC,Yes,Medium,Routine programme monitoring,10–25 May 2025,Yes,Ahmed Monitor,Yes,No,No,,TPM,TPM monitor assigned and available,Full woreda,,,,TPM,9.159545,42.992832,"9.159545, 42.992832"
May 2025,Activity 2 Nutrition,TSFP,Jijiga,Fafan,Harorays,NUT-HARO-007,Harorays FDP 07,IMC,Yes,High,Routine programme monitoring,10–25 May 2025,Yes,Ahmed Monitor,Yes,No,No,,WFP,High-priority/management assurance site assigned to WFP,Full woreda,,,,WFP,9.207051,43.105204,"9.207051, 43.105204"
May 2025,Activity 2 Nutrition,TSFP,Jijiga,Fafan,Harorays,NUT-HARO-008,Harorays FDP 08,IMC,Yes,Medium,Routine programme monitoring,10–25 May 2025,Yes,Ahmed Monitor,Yes,No,No,,TPM,TPM monitor assigned and available,Full woreda,,,,TPM,9.165393,42.992767,"9.165393, 42.992767"
May 2025,Activity 2 Nutrition,TSFP,Gode,Shabelle,Rhamu,NUT-RHAM-001,Rhamu FDP 01,IMC,Yes,Medium,Routine programme monitoring,10–25 May 2025,No,,No,Yes,Yes,Pending JarCo confirmation,WFP,No assigned TPM; WFP assigned pending JarCo reassignment,Full woreda,,,,WFP,6.290963,44.601673,"6.290963, 44.601673"
May 2025,Activity 2 Nutrition,TSFP,Gode,Shabelle,Rhamu,NUT-RHAM-002,Rhamu FDP 02,IMC,Yes,Medium,Routine programme monitoring,10–25 May 2025,No,,No,Yes,Yes,Pending JarCo confirmation,WFP,No assigned TPM; WFP assigned pending JarCo reassignment,Full woreda,,,,WFP,6.287258,44.566381,"6.287258, 44.566381"
May 2025,Activity 2 Nutrition,TSFP,Gode,Shabelle,Rhamu,NUT-RHAM-003,Rhamu FDP 03,IMC,Yes,Medium,Routine programme monitoring,10–25 May 2025,No,,No,Yes,Yes,Pending JarCo confirmation,WFP,No assigned TPM; WFP assigned pending JarCo reassignment,Full woreda,,,,WFP,6.278735,44.58126,"6.278735, 44.58126"
May 2025,Activity 2 Nutrition,TSFP,Gode,Shabelle,Rhamu,NUT-RHAM-004,Rhamu FDP 04,IMC,Yes,Medium,Routine programme monitoring,10–25 May 2025,No,,No,Yes,Yes,Pending JarCo confirmation,WFP,No assigned TPM; WFP assigned pending JarCo reassignment,Full woreda,,,,WFP,6.26081,44.597794,"6.26081, 44.597794"
May 2025,Activity 2 Nutrition,TSFP,Gode,Shabelle,Rhamu,NUT-RHAM-005,Rhamu FDP 05,IMC,Yes,Medium,Routine programme monitoring,10–25 May 2025,No,,No,Yes,Yes,Pending JarCo confirmation,WFP,No assigned TPM; WFP assigned pending JarCo reassignment,Full woreda,,,,WFP,6.247272,44.561648,"6.247272, 44.561648"
May 2025,Activity 2 Nutrition,TSFP,Gode,Shabelle,Rhamu,NUT-RHAM-006,Rhamu FDP 06,IMC,Yes,Medium,Routine programme monitoring,10–25 May 2025,No,,No,Yes,Yes,Pending JarCo confirmation,WFP,No assigned TPM; WFP assigned pending JarCo reassignment,Full woreda,,,,WFP,6.236031,44.621788,"6.236031, 44.621788"
May 2025,Activity 2 Nutrition,TSFP,Gode,Shabelle,Rhamu,NUT-RHAM-007,Rhamu FDP 07,IMC,Yes,High,Routine programme monitoring,10–25 May 2025,No,,No,Yes,No,,WFP,High-priority/management assurance site assigned to WFP,Full woreda,,,,WFP,6.350037,44.659559,"6.350037, 44.659559"
May 2025,Activity 2 Nutrition,TSFP,Gode,Shabelle,Rhamu,NUT-RHAM-008,Rhamu FDP 08,IMC,Yes,Medium,Routine programme monitoring,10–25 May 2025,No,,No,Yes,Yes,Pending JarCo confirmation,WFP,No assigned TPM; WFP assigned pending JarCo reassignment,Full woreda,,,,WFP,6.279273,44.572934,"6.279273, 44.572934"
May 2025,Activity 3 Refugee Operations,GFD,Jijiga,Fafan,Aw-Bare Camp,REF-AWBA-001,Aw-Bare Camp Site 01,RRS/UNHCR,Yes,Medium,Routine programme monitoring,10–25 May 2025,Yes,Camp Monitor A,Yes,No,No,,TPM,TPM monitor assigned and available,Full woreda,,,,TPM,9.693736,43.013279,"9.693736, 43.013279"
May 2025,Activity 3 Refugee Operations,GFD,Jijiga,Fafan,Aw-Bare Camp,REF-AWBA-002,Aw-Bare Camp Site 02,RRS/UNHCR,Yes,Medium,Routine programme monitoring,10–25 May 2025,Yes,Camp Monitor A,Yes,No,No,,TPM,TPM monitor assigned and available,Full woreda,,,,TPM,9.731421,43.01179,"9.731421, 43.01179"
May 2025,Activity 3 Refugee Operations,GFD,Jijiga,Fafan,Aw-Bare Camp,REF-AWBA-003,Aw-Bare Camp Site 03,RRS/UNHCR,Yes,Medium,Routine programme monitoring,10–25 May 2025,Yes,Camp Monitor A,Yes,No,No,,TPM,TPM monitor assigned and available,Full woreda,,,,TPM,9.776148,43.128456,"9.776148, 43.128456"
May 2025,Activity 3 Refugee Operations,GFD,Jijiga,Fafan,Aw-Bare Camp,REF-AWBA-004,Aw-Bare Camp Site 04,RRS/UNHCR,Yes,Medium,Routine programme monitoring,10–25 May 2025,Yes,Camp Monitor A,Yes,No,No,,TPM,TPM monitor assigned and available,Full woreda,,,,TPM,9.782744,43.027137,"9.782744, 43.027137"
May 2025,Activity 3 Refugee Operations,GFD,Jijiga,Fafan,Aw-Bare Camp,REF-AWBA-005,Aw-Bare Camp Site 05,RRS/UNHCR,Yes,Medium,Routine programme monitoring,10–25 May 2025,Yes,Camp Monitor A,Yes,No,No,,TPM,TPM monitor assigned and available,Full woreda,,,,TPM,9.832203,43.042882,"9.832203, 43.042882"
May 2025,Activity 3 Refugee Operations,GFD,Jijiga,Fafan,Kebribeyah Camp,REF-KEBR-001,Kebribeyah Camp Site 01,RRS/UNHCR,Yes,Medium,Routine programme monitoring,10–25 May 2025,Yes,Camp Monitor B,Yes,No,No,,TPM,TPM monitor assigned and available,Full woreda,,,,TPM,9.1237,43.271124,"9.1237, 43.271124"
May 2025,Activity 3 Refugee Operations,GFD,Jijiga,Fafan,Kebribeyah Camp,REF-KEBR-002,Kebribeyah Camp Site 02,RRS/UNHCR,Yes,Medium,Routine programme monitoring,10–25 May 2025,Yes,Camp Monitor B,Yes,No,No,,TPM,TPM monitor assigned and available,Full woreda,,,,TPM,9.180123,43.13241,"9.180123, 43.13241"
May 2025,Activity 3 Refugee Operations,GFD,Jijiga,Fafan,Kebribeyah Camp,REF-KEBR-003,Kebribeyah Camp Site 03,RRS/UNHCR,Yes,High,Routine programme monitoring,10–25 May 2025,Yes,Camp Monitor B,Yes,No,No,,WFP,High-priority/management assurance site assigned to WFP,Full woreda,,,,WFP,9.015153,43.245224,"9.015153, 43.245224"
May 2025,Activity 3 Refugee Operations,GFD,Jijiga,Fafan,Kebribeyah Camp,REF-KEBR-004,Kebribeyah Camp Site 04,RRS/UNHCR,Yes,Medium,Routine programme monitoring,10–25 May 2025,Yes,Camp Monitor B,Yes,No,No,,TPM,TPM monitor assigned and available,Full woreda,,,,TPM,9.050593,43.230436,"9.050593, 43.230436"
May 2025,Activity 3 Refugee Operations,GFD,Jijiga,Fafan,Kebribeyah Camp,REF-KEBR-005,Kebribeyah Camp Site 05,RRS/UNHCR,Yes,Medium,Routine programme monitoring,10–25 May 2025,Yes,Camp Monitor B,Yes,No,No,,TPM,TPM monitor assigned and available,Full woreda,,,,TPM,9.183863,43.256373,"9.183863, 43.256373"
May 2025,Activity 3 Refugee Operations,School Feeding,Jijiga,Fafan,Sheder Camp,REF-SHED-001,Sheder Camp Site 01,RRS/UNHCR,Yes,Medium,Routine programme monitoring,10–25 May 2025,Yes,Camp Monitor C,Yes,No,No,,TPM,TPM monitor assigned and available,Full woreda,,,,TPM,9.56026,43.111869,"9.56026, 43.111869"
May 2025,Activity 3 Refugee Operations,School Feeding,Jijiga,Fafan,Sheder Camp,REF-SHED-002,Sheder Camp Site 02,RRS/UNHCR,Yes,Medium,Routine programme monitoring,10–25 May 2025,Yes,Camp Monitor C,Yes,No,No,,TPM,TPM monitor assigned and available,Full woreda,,,,TPM,9.520427,43.104177,"9.520427, 43.104177"
May 2025,Activity 3 Refugee Operations,School Feeding,Jijiga,Fafan,Sheder Camp,REF-SHED-003,Sheder Camp Site 03,RRS/UNHCR,Yes,Medium,Routine programme monitoring,10–25 May 2025,Yes,Camp Monitor C,Yes,No,No,,TPM,TPM monitor assigned and available,Full woreda,,,,TPM,9.559996,43.082031,"9.559996, 43.082031"
May 2025,Activity 3 Refugee Operations,School Feeding,Jijiga,Fafan,Sheder Camp,REF-SHED-004,Sheder Camp Site 04,RRS/UNHCR,Yes,Medium,Routine programme monitoring,10–25 May 2025,Yes,Camp Monitor C,Yes,No,No,,TPM,TPM monitor assigned and available,Full woreda,,,,TPM,9.561536,43.063034,"9.561536, 43.063034"
May 2025,Activity 3 Refugee Operations,School Feeding,Jijiga,Fafan,Sheder Camp,REF-SHED-005,Sheder Camp Site 05,RRS/UNHCR,Yes,Medium,Routine programme monitoring,10–25 May 2025,Yes,Camp Monitor C,Yes,No,No,,TPM,TPM monitor assigned and available,Full woreda,,,,TPM,9.544236,43.157077,"9.544236, 43.157077"
